objectid,parentid,Identifier,Title,Creator,Date,About,Subject ,Location,latitude ,longitude,Source,Type ,Format,Language,Rights,rights statement,display_template,filename,object_location,image_small,image_thumb,Relation,Coverage
rgcv00011024_1,,rgcv0001,El amor y los garrotazos,"Padilla, Benjamin",1911-05-04,Dialogues that pain and abuse against a female is synonomous with love in relationships,Domestic Violence; Marital violence; social conditions of women; violence in literature; women & literature,"Los Angeles, California",34.0522,-118.2437,La Cronica,Text,image/jpeg,Spanish,Arte Público Press,,image,rgcv00011024_1.jpg,,,,,
rgcv00021024_1,,rgcv0002,Las mujeres mexicanas In: Cronicas de California,"Piña, Joaquin",1918-08-18,Essay in a newspaper dialoging how war has affected men to become violent with women,"Mexicans; Politics & Culture; War Victims, Women","San Antonio, Texas",29.4241,-98.4936,La Prensa,Text,image/jpeg,Spanish,Arte Público Press,,image,rgcv00021024_1.jpg,,,,,
rgcv00021024_2,,rgcvV0002,Las mujeres mexicanas In: Cronicas de California,"Piña, Joaquin",1918-08-18,Essay in a newspaper dialoging how war has affected men to become violent with women,"Mexicans; Politics & Culture; War Victims, Women","San Antonio, Texas",29.4241,-98.4936,La Prensa,Text,image/jpeg,Spanish,Arte Público Press,,image,rgcv00021024_2.jpg,,,,,
rgcv00021024_3,,rgcv0002,Las mujeres mexicanas In: Cronicas de California,"Piña, Joaquin",1918-08-18,Essay in a newspaper dialoging how war has affected men to become violent with women,"Mexicans; Politics & Culture; War Victims, Women","San Antonio, Texas",29.4241,-98.4936,La Prensa,Text,image/jpeg,Spanish,Arte Público Press,,image,rgcv00021024_3.jpg,,,,,
rgcv00031024_1,,rgcv0003,El puño suena igual en todo el mundo: Cantando el abuso doméstico en México y Tanzania ,"Rosenberg, Aaron Louis",2015,Discourse on the similiraties between a Mexican and Tanzanian song on domestic violence,"folk literature; folk poetry; folk song; popular song; Mexico; Tanzania; Hadad, Astrid; Ongala, Remmy","Mexico City, D.F.",19.4326,-99.1332,El Colegio de Mexico,Text,image/jpeg,Spanish,Arte Público Press,,image,rgcv00031024_1.jpg,,,,,
rgcv00031024_2,,rgcv0003,El puño suena igual en todo el mundo: Cantando el abuso doméstico en México y Tanzania ,"Rosenberg, Aaron Louis",2015,Discourse on the similiraties between a Mexican and Tanzanian song on domestic violence,"folk literature; folk poetry; folk song; popular song; Mexico; Tanzania; Hadad, Astrid; Ongala, Remmy","Mexico City, D.F.",19.4326,-99.1332,El Colegio de Mexico,Text,image/jpeg,Spanish,Arte Público Press,,image,rgcv00031024_2.jpg,,,,,
rgcv00031024_3,,rgcv0003,El puño suena igual en todo el mundo: Cantando el abuso doméstico en México y Tanzania ,"Rosenberg, Aaron Louis",2015,Discourse on the similiraties between a Mexican and Tanzanian song on domestic violence,"folk literature; folk poetry; folk song; popular song; Mexico; Tanzania; Hadad, Astrid; Ongala, Remmy","Mexico City, D.F.",19.4326,-99.1332,El Colegio de Mexico,Text,image/jpeg,Spanish,Arte Público Press,,image,rgcv00031024_3.jpg,,,,,
rgcv00031024_4,,rgcv0003,El puño suena igual en todo el mundo: Cantando el abuso doméstico en México y Tanzania ,"Rosenberg, Aaron Louis",2015,Discourse on the similiraties between a Mexican and Tanzanian song on domestic violence,"folk literature; folk poetry; folk song; popular song; Mexico; Tanzania; Hadad, Astrid; Ongala, Remmy","Mexico City, D.F.",19.4326,-99.1332,El Colegio de Mexico,Text,image/jpeg,Spanish,Arte Público Press,,image,rgcv00031024_4.jpg,,,,,
rgcv00031024_5,,rgcv0003,El puño suena igual en todo el mundo: Cantando el abuso doméstico en México y Tanzania ,"Rosenberg, Aaron Louis",2015,Discourse on the similiraties between a Mexican and Tanzanian song on domestic violence,"folk literature; folk poetry; folk song; popular song; Mexico; Tanzania; Hadad, Astrid; Ongala, Remmy","Mexico City, D.F.",19.4326,-99.1332,El Colegio de Mexico,Text,image/jpeg,Spanish,Arte Público Press,,image,rgcv00031024_5.jpg,,,,,
rgcv00031024_6,,rgcv0003,El puño suena igual en todo el mundo: Cantando el abuso doméstico en México y Tanzania ,"Rosenberg, Aaron Louis",2015,Discourse on the similiraties between a Mexican and Tanzanian song on domestic violence,"folk literature; folk poetry; folk song; popular song; Mexico; Tanzania; Hadad, Astrid; Ongala, Remmy","Mexico City, D.F.",19.4326,-99.1332,El Colegio de Mexico,Text,image/jpeg,Spanish,Arte Público Press,,image,rgcv00031024_6.jpg,,,,,
rgcv00031024_7,,rgcv0003,El puño suena igual en todo el mundo: Cantando el abuso doméstico en México y Tanzania ,"Rosenberg, Aaron Louis",2015,Discourse on the similiraties between a Mexican and Tanzanian song on domestic violence,"folk literature; folk poetry; folk song; popular song; Mexico; Tanzania; Hadad, Astrid; Ongala, Remmy","Mexico City, D.F.",19.4326,-99.1332,El Colegio de Mexico,Text,image/jpeg,Spanish,Arte Público Press,,image,rgcv00031024_7.jpg,,,,,
rgcv00031024_8,,rgcv0003,El puño suena igual en todo el mundo: Cantando el abuso doméstico en México y Tanzania ,"Rosenberg, Aaron Louis",2015,Discourse on the similiraties between a Mexican and Tanzanian song on domestic violence,"folk literature; folk poetry; folk song; popular song; Mexico; Tanzania; Hadad, Astrid; Ongala, Remmy","Mexico City, D.F.",19.4326,-99.1332,El Colegio de Mexico,Text,image/jpeg,Spanish,Arte Público Press,,image,rgcv00031024_8.jpg,,,,,
rgcv00031024_9,,rgcv0003,El puño suena igual en todo el mundo: Cantando el abuso doméstico en México y Tanzania ,"Rosenberg, Aaron Louis",2015,Discourse on the similiraties between a Mexican and Tanzanian song on domestic violence,"folk literature; folk poetry; folk song; popular song; Mexico; Tanzania; Hadad, Astrid; Ongala, Remmy","Mexico City, D.F.",19.4326,-99.1332,El Colegio de Mexico,Text,image/jpeg,Spanish,Arte Público Press,,image,rgcv00031024_9.jpg,,,,,
rgcv00031024_10,,rgcv0003,El puño suena igual en todo el mundo: Cantando el abuso doméstico en México y Tanzania ,"Rosenberg, Aaron Louis",2015,Discourse on the similiraties between a Mexican and Tanzanian song on domestic violence,"folk literature; folk poetry; folk song; popular song; Mexico; Tanzania; Hadad, Astrid; Ongala, Remmy","Mexico City, D.F.",19.4326,-99.1332,El Colegio de Mexico,Text,image/jpeg,Spanish,Arte Público Press,,image,rgcv00031024_10.jpg,,,,,
rgcv00031024_11,,rgcv0003,El puño suena igual en todo el mundo: Cantando el abuso doméstico en México y Tanzania ,"Rosenberg, Aaron Louis",2015,Discourse on the similiraties between a Mexican and Tanzanian song on domestic violence,"folk literature; folk poetry; folk song; popular song; Mexico; Tanzania; Hadad, Astrid; Ongala, Remmy","Mexico City, D.F.",19.4326,-99.1332,El Colegio de Mexico,Text,image/jpeg,Spanish,Arte Público Press,,image,rgcv00031024_11.jpg,,,,,
rgcv00031024_12,,rgcv0003,El puño suena igual en todo el mundo: Cantando el abuso doméstico en México y Tanzania ,"Rosenberg, Aaron Louis",2015,Discourse on the similiraties between a Mexican and Tanzanian song on domestic violence,"folk literature; folk poetry; folk song; popular song; Mexico; Tanzania; Hadad, Astrid; Ongala, Remmy","Mexico City, D.F.",19.4326,-99.1332,El Colegio de Mexico,Text,image/jpeg,Spanish,Arte Público Press,,image,rgcv00031024_12.jpg,,,,,
rgcv00031024_13,,rgcv0003,El puño suena igual en todo el mundo: Cantando el abuso doméstico en México y Tanzania ,"Rosenberg, Aaron Louis",2015,Discourse on the similiraties between a Mexican and Tanzanian song on domestic violence,"folk literature; folk poetry; folk song; popular song; Mexico; Tanzania; Hadad, Astrid; Ongala, Remmy","Mexico City, D.F.",19.4326,-99.1332,El Colegio de Mexico,Text,image/jpeg,Spanish,Arte Público Press,,image,rgcv00031024_13.jpg,,,,,
rgcv00031024_14,,rgcv0003,El puño suena igual en todo el mundo: Cantando el abuso doméstico en México y Tanzania ,"Rosenberg, Aaron Louis",2015,Discourse on the similiraties between a Mexican and Tanzanian song on domestic violence,"folk literature; folk poetry; folk song; popular song; Mexico; Tanzania; Hadad, Astrid; Ongala, Remmy","Mexico City, D.F.",19.4326,-99.1332,El Colegio de Mexico,Text,image/jpeg,Spanish,Arte Público Press,,image,rgcv00031024_14.jpg,,,,,
rgcv00041024_1,,rgcv0004,Hace algunos días se quejaba una mujer... ,Zig Zags,1906-08-11,Essay telling a story of a female cook discussins her relationship with her boss and the abuse that exists within it; considered hilarious literature,Domestic Violence; Man-Woman Relationships; Marriage,"El Paso, Texas",31.7619,-106.485,El Clarin del Norte,Text,image/jpeg,Spanish,Arte Público Press,,image,rgcv00041024_1.jpg,,,,,
rgcv00051024_1,,rgcv0005,La dama,"Dicenta, Joaquin",1916- 08-21,"Short story about a man who is violent with wife. Wife reports to brother and brother talks to man. Man still refuses to change his ways stating he is the "" amo de la casa""",Domestic Violence; families; man-woman relationships,"San Antonio, Texas",29.4241,-98.4936,La Prensa,Text,image/jpeg,Spanish,Arte Público Press,,image,rgcv00051024_1.jpg,,,,,
rgcv00051024_2,,rgcv0005,La dama,"Dicenta, Joaquin",1916-08-21,"Short story about a man who is violent with wife. Wife reports to brother and brother talks to man. Man still refuses to change his ways stating he is the "" amo de la casa""",Domestic Violence; families; man-woman relationships,"San Antonio, Texas",29.4241,-98.4936,La Prensa,Text,image/jpeg,Spanish,Arte Público Press,,image,rgcv00051024_2.jpg,,,,,
rgcv00061024_1,,rgcv0006,"El matrimonio, el divorcio y el amor libre",[Unknown],1894-01-13,"Essay on the Catholic church's influence on marriage, how hate will develop within a marriage and the female will remain due to the idea that staying in a marriage, instead of divorcing will preserve the family and society. The ""negative"" effect of polyamorous relationships on marriage and the stability of society.",Divorce; Marriage,"Tucson, Arizona",32.2226,-110.9747,Las Dos Republicas,Text,image/jpeg,Spanish,Arte Público Press,,image,rgcv00061024_1.jpg,,,,,
rgcv00061024_2,,rgcv0006,"El matrimonio, el divorcio y el amor libre",[Unknown],1894-01-13,"Essay on the Catholic church's influence on marriage, how hate will develop within a marriage and the female will remain due to the idea that staying in a marriage, instead of divorcing will preserve the family and society. The ""negative"" effect of polyamorous relationships on marriage and the stability of society.",Divorce; Marriage,"Tucson, Arizona",32.2226,-110.9747,Las Dos Republicas,Text,image/jpeg,Spanish,Arte Público Press,,image,rgcv00061024_2.jpg,,,,,
rgcv00061024_3,,rgcv0006,"El matrimonio, el divorcio y el amor libre",[Unknown],1894-01-13,"Essay on the Catholic church's influence on marriage, how hate will develop within a marriage and the female will remain due to the idea that staying in a marriage, instead of divorcing will preserve the family and society. The ""negative"" effect of polyamorous relationships on marriage and the stability of society.",Divorce; Marriage,"Tucson, Arizona",32.2226,-110.9747,Las Dos Republicas,Text,image/jpeg,Spanish,Arte Público Press,,image,rgcv00061024_3.jpg,,,,,
rgcv00061024_4,,rgcv0006,"El matrimonio, el divorcio y el amor libre",[Unknown],1894-01-13,"Essay on the Catholic church's influence on marriage, how hate will develop within a marriage and the female will remain due to the idea that staying in a marriage, instead of divorcing will preserve the family and society. The ""negative"" effect of polyamorous relationships on marriage and the stability of society.",Divorce; Marriage,"Tucson, Arizona",32.2226,-110.9747,Las Dos Republicas,Text,image/jpeg,Spanish,Arte Público Press,,image,rgcv00061024_4.jpg,,,,,
rgcv00061024_5,,rgcv0006,"El matrimonio, el divorcio y el amor libre",[Unknown],1894-01-13,"Essay on the Catholic church's influence on marriage, how hate will develop within a marriage and the female will remain due to the idea that staying in a marriage, instead of divorcing will preserve the family and society. The ""negative"" effect of polyamorous relationships on marriage and the stability of society.",Divorce; Marriage,"Tucson, Arizona",32.2226,-110.9747,Las Dos Republicas,Text,image/jpeg,Spanish,Arte Público Press,,image,rgcv00061024_5.jpg,,,,,
rgcv00071024_1,,rgcv0007,Amor al vapor,[Unknown],1894-05-03,Short story about a couple that falls loves at first sight and marries within a day. The following day the male is in jail because of domestic abuse and she is hospitalized.,Love; Marriage; Violence,"Tucson, Arizona",32.2226,-110.9747,Las Dos Repúblicas,Text,image/jpeg,Spanish,Arte Público Press,,image,rgcv00071024_1.jpg,,,,,
rgcv00071024_2,,rgcv0007,Amor al vapor,[Unknown],1894-05-03,Short story about a couple that falls loves at first sight and marries within a day. The following day the male is in jail because of domestic abuse and she is hospitalized.,Love; Marriage; Violence,"Tucson, Arizona",32.2226,-110.9747,Las Dos Repúblicas,Text,image/jpeg,Spanish,Arte Público Press,,image,rgcv00071024_2.jpg,,,,,
rgcv00071024_3,,rgcv0007,Amor al vapor,[Unknown],1894-05-03,Short story about a couple that falls loves at first sight and marries within a day. The following day the male is in jail because of domestic abuse and she is hospitalized.,Love; Marriage; Violence,"Tucson, Arizona",32.2226,-110.9747,Las Dos Repúblicas,Text,image/jpeg,Spanish,Arte Público Press,,image,rgcv00071024_3.jpg,,,,,
rgcv00071024_4,,rgcv0007,Amor al vapor,[Unknown],1894-05-03,Short story about a couple that falls loves at first sight and marries within a day. The following day the male is in jail because of domestic abuse and she is hospitalized.,Love; Marriage; Violence,"Tucson, Arizona",32.2226,-110.9747,Las Dos Repúblicas,Text,image/jpeg,Spanish,Arte Público Press,,image,rgcv00071024_4.jpg,,,,,
rgcv00081024_1,,rgcv0008,Cuidado con la sentencia,[Unknown],1919-11-2,"Very short joke about a couple that has just married. Defending himself, the man asks the judge to have pity on him as this is his honey moon.",Violence against women,"San Antonio, Texas",29.4241,-98.4936,La Epoca,Text,image/jpeg,Spanish,Arte Público Press,,image,rgcv00081024_1.jpg,,,,,
rgcv00091024_1,,rgcv0009,Prueba de amor,[Unknown],1830-06-25,"Man attempts to test his wife's love for him by pretending to hang himself. She sees him and pulls on his legs. He later beats her and after she presents the situation to the court, they separate.",HUMOROUS stories; LOVE; Man- woman relationships; short stories,"New Orleans, Lousiana",29.9511,-90.0715,La Abeja,Text,image/jpeg,Spanish,Arte Público Press,,image,rgcv00091024_1.jpg,,,,,
rgcv00101024_1,,rgcv0010,Hay que respetar a la mujer,"Jaeger, Clotilde Botances",1930-1-1,Article about a 12 year old child who was asked by a much older man to be his wife. She tells her father what happened and her father tells her to go to the man's house and hit his knees hard. The article goes on to demand that women wake up to how they enable men's oppresive behavior by staying quiet. ,Violence against women; Women's rights; Activism,,,,Clotilde Betances Collection,Text,image/jpeg,Spanish,Arte Público Press,,image,rgcv00101024_1.jpg,,,,,
rgcv00101024_2,,rgcv0010,Hay que respetar a la mujer,"Jaeger, Clotilde Botances",1930-1-1,Article about a 12 year old child who was asked by a much older man to be his wife. She tells her father what happened and her father tells her to go to the man's house and hit his knees hard. The article goes on to demand that women wake up to how they enable men's oppresive behavior by staying quiet. ,Violence against women; Women's rights; Activism,,,,Clotilde Betances Collection,Text,image/jpeg,Spanish,Arte Público Press,,image,rgcv00101024_2.jpg,,,,,
rgcv00111024_1,,rgcv0011,Cuartillas fáciles temperamentos irascibles,"Tiberio (Pseud.), Anaya, Alfonso",1917-7-20,Report about the abuse that women endure with their husbands. Explains how a man beat his wife as a way of preventing her from selling mattresses that are on sale. ,Crimes against women; man-woman relationships; WIT & humor,"San Antonio, Texas",29.4241,-98.4936,La Prensa,Text,image/jpeg,Spanish,Arte Público Press,,image,rgcv00111024_1.jpg,,,,,
rgcv00121024_1,,rgcv0012,[En un juzgado…] In: Tijerazo,La Compañia Internacional Publicista,1904-8-28,Comedic entry on husband who beats his wife because she kept breaking plates.,Abused Women; Domestic Violence,"El Paso, Texas",31.7619,-106.485,El Paso del Norte,Text,image/jpeg,Spanish,Arte Público Press,,image,rgcv00121024_1.jpg,,,,,
rgcv00131024_1,,rgcv0013,Por la infancia,[Unknown],1913-12-14,"Entry on what happens when the church's idea of what a ""man"" and ""woman"" should act like in marriage plays out. Explains the various roles the man, woman and children embody.",Parenting; parenting -- religious aspects; domestic violence; social classes,"Los Angeles, California",34.0522,-118.2437,Pluma Roja,Text,image/jpeg,Spanish,Arte Público Press,,image,rgcv00131024_1.jpg,,,,,
rgcv00151024_1,,rgcv0015,Para los de allá,"Pazos, Genero",1915-10-2,"Article asking mothers who are ""sending"" their children, specially young women, to be careful because the jobs that these women usually acquire are jobs that likely progress to prositution. Seems to point to beginning of trafficking. ",Mothers; social criticism,"Brooklyn, New York",40.6782,-73.9442,Cultura Obrera,Text,image/jpeg,Spanish,Arte Público Press,,image,rgcv00151024_1.jpg,,,,,
rgcv00161024_1,,rgcv0016,Lo que hizo un geranio,"Silva, Josefina",1954-07-01,"Article describing a woman that was not used to the ""domestic duties"" of a female and had her fate changed by an older female that was passing by with a geranium. After the geranium was dropped off the woman was forced to rearrange her space to match the beautiful plant.","Gender role - religious aspects, women in Christianity, Christian education, Christianity","El Paso, Texas",31.7619,-106.485,El Promotor de la Educacion Cristiana,Text,image/jpeg,Spanish,Arte Público Press,,image,rgcv00161024_1.jpg,,,,,
rgcv00171024_1,,rgcv0017,Sexualidad y metapoesía: Cuatro poemas de Julia Alvarez,"Umpierre, Luz Maria",1989-1-1,"Article discussing the importance of Latina voices in literature and how the shifting of feminine portrayal begins in literature. "" When you touch a poem, you touch a woman."" Various demeaning ways in which women are portrayed in literature are discussed. As well, the author states that in order to love a woman, one must rid the self of women's traditional roles. ",Sexuality,"Gary, Indiana",41.5568,-87.3375,Revista Chicano Riqueña,Text,image/jpeg,Spanish,Arte Público Press,,image,rgcv00171024_1.jpg,,,,,
rgcv00171024_2,,rgcv0017,Sexualidad y metapoesía: Cuatro poemas de Julia Alvarez,"Umpierre, Luz Maria",1989-1-1,"Article discussing the importance of Latina voices in literature and how the shifting of feminine portrayal begins in literature. "" When you touch a poem, you touch a woman."" Various demeaning ways in which women are portrayed in literature are discussed. As well, the author states that in order to love a woman, one must rid the self of women's traditional roles. ",Sexuality,"Gary, Indiana",41.5568,-87.3375,Revista Chicano Riqueña,Text,image/jpeg,Spanish,Arte Público Press,,image,rgcv00171024_2.jpg,,,,,
rgcv00171024_3,,rgcv0017,Sexualidad y metapoesía: Cuatro poemas de Julia Alvarez,"Umpierre, Luz Maria",1989-1-1,"Article discussing the importance of Latina voices in literature and how the shifting of feminine portrayal begins in literature. "" When you touch a poem, you touch a woman."" Various demeaning ways in which women are portrayed in literature are discussed. As well, the author states that in order to love a woman, one must rid the self of women's traditional roles. ",Sexuality,"Gary, Indiana",41.5568,-87.3375,Revista Chicano Riqueña,Text,image/jpeg,Spanish,Arte Público Press,,image,rgcv00171024_3.jpg,,,,,
rgcv00171024_4,,rgcv0017,Sexualidad y metapoesía: Cuatro poemas de Julia Alvarez,"Umpierre, Luz Maria",1989-1-1,"Article discussing the importance of Latina voices in literature and how the shifting of feminine portrayal begins in literature. "" When you touch a poem, you touch a woman."" Various demeaning ways in which women are portrayed in literature are discussed. As well, the author states that in order to love a woman, one must rid the self of women's traditional roles. ",Sexuality,"Gary, Indiana",41.5568,-87.3375,Revista Chicano Riqueña,Text,image/jpeg,Spanish,Arte Público Press,,image,rgcv00171024_4.jpg,,,,,
rgcv00171024_5,,rgcv0017,Sexualidad y metapoesía: Cuatro poemas de Julia Alvarez,"Umpierre, Luz Maria",1989-1-1,"Article discussing the importance of Latina voices in literature and how the shifting of feminine portrayal begins in literature. "" When you touch a poem, you touch a woman."" Various demeaning ways in which women are portrayed in literature are discussed. As well, the author states that in order to love a woman, one must rid the self of women's traditional roles. ",Sexuality,"Gary, Indiana",41.5568,-87.3375,Revista Chicano Riqueña,Text,image/jpeg,Spanish,Arte Público Press,,image,rgcv00171024_5.jpg,,,,,
rgcv00171024_6,,rgcv0017,Sexualidad y metapoesía: Cuatro poemas de Julia Alvarez,"Umpierre, Luz Maria",1989-1-1,"Article discussing the importance of Latina voices in literature and how the shifting of feminine portrayal begins in literature. "" When you touch a poem, you touch a woman."" Various demeaning ways in which women are portrayed in literature are discussed. As well, the author states that in order to love a woman, one must rid the self of women's traditional roles. ",Sexuality,"Gary, Indiana",41.5568,-87.3375,Revista Chicano Riqueña,Text,image/jpeg,Spanish,Arte Público Press,,image,rgcv00171024_6.jpg,,,,,
rgcv00171024_7,,rgcv0017,Sexualidad y metapoesía: Cuatro poemas de Julia Alvarez,"Umpierre, Luz Maria",1989-1-1,"Article discussing the importance of Latina voices in literature and how the shifting of feminine portrayal begins in literature. "" When you touch a poem, you touch a woman."" Various demeaning ways in which women are portrayed in literature are discussed. As well, the author states that in order to love a woman, one must rid the self of women's traditional roles. ",Sexuality,"Gary, Indiana",41.5568,-87.3375,Revista Chicano Riqueña,Text,image/jpeg,Spanish,Arte Público Press,,image,rgcv00171024_7.jpg,,,,,
rgcv00181024_1,,rgcv0018,Centro Internacional ,M.,1930-03-15,Review of conference on sexuality and free love. The conference itself spoke on the biology of sexuality and the physical need it has for the human body.,Conferences & Convention; sexual ethics; human sexuality in religion,"New York, New York",40.7128,-74.006,Cultura Proletaria,Text,image/jpeg,Spanish,Arte Público Press,,image,rgcv00181024_1.jpg,,,,,
rgcv00191024_1,,rgcv0019,La santidad del sexo,[Unknown],1954-7-1,"Review of book ""El Dominio del Sexo, Mediante Psicologia y La religion por Leslie D Weatherhead"" Explains that sexuality is one of the problems humanity faces. It can be the cause of various problems and crimes and it can also be the complete base for self actualization.",Human sexuality in religion,"El Paso, Texas",31.7619,-106.485,El Promotor de la Educacion Cristiana,Text,image/jpeg,Spanish,Arte Público Press,,image,rgcv00191024_1.jpg,,,,,
rgcv00201024_1,,rgcv0020,A las mujeres,"Llanos, Adolfo",1891-10-31,Essay on the various types of women that different professions will engage with. ,Marriage: Mate selection: WIT & humor,"Albuquerque, New Mexico",35.0844,-106.6504,El defensor del Pueblo,Text,image/jpeg,Spanish,Arte Público Press,,image,rgcv00201024_1.jpg,,,,,
rgcv00201024_2,,rgcv0020,A las mujeres,"Llanos, Adolfo",1891-10-31,Essay on the various types of women that different professions will engage with. ,Marriage: Mate selection: WIT & humor,"Albuquerque, New Mexico",35.0844,-106.6504,El defensor del Pueblo,Text,image/jpeg,Spanish,Arte Público Press,,image,rgcv00201024_2.jpg,,,,,
rgcv00211024_1,,rgcv0021,Mi ideal,Cop,1911-12-22,"Poem describing the physical features that the author prefers a woman to have... "" Que no ria por costumbre, Ni se enfade, ni se irrite, Que no llore y que no ria, por darme una pesadumbre.""  ",Mate selection; Single men,"Las Cruces, New Mexico",32.3199,-106.7937,El Labrador,Text,image/jpeg,Spanish,Arte Público Press,,image,rgcv00211024_1.jpg,,,,,
rgcv00211024_2,,rgcv0021,Mi ideal,Cop,1911-12-22,"Poem describing the physical features that the author prefers a woman to have... "" Que no ria por costumbre, Ni se enfade, ni se irrite, Que no llore y que no ria, por darme una pesadumbre.""  ",Mate selection; Single men,"Las Cruces, New Mexico",32.3199,-106.7937,El Labrador,Text,image/jpeg,Spanish,Arte Público Press,,image,rgcv00211024_2.jpg,,,,,
rgcv00221024_1,,rgcv0022,Para vivir sin celos en el mundo,[Unknown],1876-9-1,"Para vivir sin celos el marido no ha de ver, y la mujer ha de ser ciega. ",husband & wife; jealousy; life skills,"New York, New York",40.7128,-74.006,Ateneo. Revista Cultural,Text,image/jpeg,Spanish,Arte Público Press,,image,rgcv00221024_1.jpg,,,,,
rgcv00231024_1,,rgcv0023,Deberes entre esposos,"Carreño, Manuel Antonio",1855-2-7,Essay detailing the duties of a man and a woman in a relationship. He is to be respectful and docile and she is to devote her life to him. A positive portrayal of relationships. ,CONDUCT of life; husband & wife; man- woman relationships; MARRIAGE,"San Antonio, Texas",29.4241,-98.4936,El Bejareño,Text,image/jpeg,Spanish,Arte Público Press,,image,rgcv00231024_1.jpg,,,,,
rgcv00241024_1,,rgcv0024,Amor y dolor,"Gomez Reina, Irene ",1950-10-23,"Poem describing how love and pain are one and the same. The writer explains that as one feels love, once is also bound to feel pain. ","Gomez Reina, Irene; Love; Pain; Voces de Corazon","Laredo, Texas",27.5036,-99.5076,Laredo Times,Text,image/jpeg,Spanish,Arte Público Press,,image,rgcv00241024_1.jpg,,,,,
rgcv00251024_1,,rgcv0025,Un periódico francés,Debray Y Lewis,1856-3-29,"Entry in a newspaper about a judge who was juroring a scandalous trial. There were women in the courtroom and he stated that any decent woman would leave the room after none of the women left, he had them escorted out. ",Machismo,"San Antonio, Texas",29.4241,-98.4936,El Bajareño,Text,image/jpeg,Spanish,Arte Público Press,,image,rgcv00251024_1.jpg,,,,,
rgcv00261024_1,,rgcv0026,Ventajas de una mujer coja,Debray Y Lewis,1856-04-05,"Entry to summarize the advantages of having a woman with a peg leg. "" Y sirve para todo lo que el hombre necesita."" ",Machismo; MAN-woman relationships,"San Antonio, Texas",29.4241,-98.4936,El Bajareño,Text,image/jpeg,Spanish,Arte Público Press,,image,rgcv00261024_1.jpg,,,,,
rgcv00271024_1,,rgcv0027,Receta matrimonial,Debray Y Lewis,1856-04-12,Woman asks another woman what her secret is to stay married without disagreements. The woman answers that she simply does as she is told. ,Machismo; Marriage,"San Antonio, Texas",29.4241,-98.4936,El Bajareño,Text,image/jpeg,Spanish,Arte Público Press,,image,rgcv00271024_1.jpg,,,,,
rgcv00281024_1,,rgcv0028,"Capacidad, firmeza y valor civil de la mujer","Trillo, Emilia E. ",1918-5-23,"Dialogue given at the First Baptist Church of Chihuahua describing that the general sentiment of women in society is that they are incapable, weak and cowards. It's explained that this thought persists because of men's egoism. It further explains that a woman can be taught to be capable if she is educated. It further explains that the mexican woman is a ""slave of the home."" Finally, it showcases a story about a young man that could finish school due to his adoptive mother's support with the daily everyday activities. ","Didactic literature, man-woman relationships, social conditions of women","El Paso, Texas",31.7619,-106.485,El Atalaya Bautista,Text,image/jpeg,Spanish,Arte Público Press,,image,rgcv00281024_1.jpg,,,,,
rgcv00281024_2,,rgcv0028,"Capacidad, firmeza y valor civil de la mujer","Trillo, Emilia E. ",1918-5-23,"Dialogue given at the First Baptist Church of Chihuahua describing that the general sentiment of women in society is that they are incapable, weak and cowards. It's explained that this thought persists because of men's egoism. It further explains that a woman can be taught to be capable if she is educated. It further explains that the mexican woman is a ""slave of the home."" Finally, it showcases a story about a young man that could finish school due to his adoptive mother's support with the daily everyday activities. ","Didactic literature, man-woman relationships, social conditions of women","El Paso, Texas",31.7619,-106.485,El Atalaya Bautista,Text,image/jpeg,Spanish,Arte Público Press,,image,rgcv00281024_2.jpg,,,,,
rgcv00291024_1,,rgcv0029,Don Juan,[Unknown],1931-06-01,"Review of ""Don Juan"" by Lord Byron describing that the idea of donjuanismo is present throughout literature in different cultures. It mentions that there are females that may be stimulated and ignited by the romanticized idea of a Don Juan. It further proposes that what women truly desire is care and soft touches. Further, it explains that this is a positive character characteristic about Don Juan that wasn't availble in our literature until recently. ",DON Juan (Legendary character); spanish folklore; man- woman relationships,"New York, New York",40.7128,-74.006,La Nueva Democracia,Text,image/jpeg,Spanish,Arte Público Press,,image,rgcv00291024_1.jpg,,,,,
rgcv00291024_2,,rgcv0029,Don Juan,[Unknown],1931-06-01,"Review of ""Don Juan"" by Lord Byron describing that the idea of donjuanismo is present throughout literature in different cultures. It mentions that there are females that may be stimulated and ignited by the romanticized idea of a Don Juan. It further proposes that what women truly desire is care and soft touches. Further, it explains that this is a positive character characteristic about Don Juan that wasn't availble in our literature until recently. ",DON Juan (Legendary character); spanish folklore; man- woman relationships,"New York, New York",40.7128,-74.006,La Nueva Democracia,Text,image/jpeg,Spanish,Arte Público Press,,image,rgcv00291024_2.jpg,,,,,
rgcv00301024_1,,rgcv0030,Deberes entre los esposos,"Gurrola de Cota, Tomasa",1918-05-30,"Entry describing what men and women's home duties entail. It actually does a good job of describing what an ideal, equal marriage looks like. It goes into detail about men and woman picking up the slack where it is due. ","Didactic literature, man-woman relationships, marriage social conditions of women","El Paso, Texas",31.7619,-106.485,El Atalaya Bautista,Text,image/jpeg,Spanish,Arte Público Press,,image,rgcv00301024_1.jpg,,,,,
rgcv00301024_2,,rgcv0030,Deberes entre los esposos,"Gurrola de Cota, Tomasa",1918-05-30,"Entry describing what men and women's home duties entail. It actually does a good job of describing what an ideal, equal marriage looks like. It goes into detail about men and woman picking up the slack where it is due. ","Didactic literature, man-woman relationships, marriage social conditions of women","El Paso, Texas",31.7619,-106.485,El Atalaya Bautista,Text,image/jpeg,Spanish,Arte Público Press,,image,rgcv00301024_2.jpg,,,,,
rgcv00311024_1,,rgcv0031,Don Juan Tenorio,Teodoli & Co,1910-11-5,"Entry announcing the showcase of the theatrical play, ""Don Juan Tenorio""","Laredo; Drama; solorzano, Francisco; Theatrical companies; actors; Don Juan Tenorio ( theatrial production)","Los Angeles, California",34.0522,-118.2437,La Cronica,Text,image/jpeg,Spanish,Arte Público Press,,image,rgcv00311024_1.jpg,,,,,
rgcv00321024_1,,rgcv0032,Divertidas estancias a Don Juan,"Storni, Alfonsina",1925-2-12,"Poem describing Don Juan and his adventures. States that is a night owl that can tire from his nightly adventures. States that "" Para hurtar corazones imitan a Narciso."" Also states that women can also display Don Juan tendencies if they so desire. ",courship; Don Juan (legendary character); women,"Brownsville, Texas",25.9017,-97.4975,El Cronista Del Valle,Text,image/jpeg,Spanish,Arte Público Press,,image,rgcv00321024_1.jpg,,,,,
rgcv00331024_1,,rgcv0033,En una escuela superior de señoritas; clase de historia,Pino y Madrid,1904-11-11,"The article proposed the question, ""Who has been the greatest conquistador (romantic sense) in history. The female responds, ""Don Juan Tenario.""",Don Juan (Legendary Character) ,"Las Cruces, New Mexico",32.3199,-106.7637,El Labrador,Text,image/jpeg,Spanish,Arte Público Press,,image,rgcv00331024_1.jpg,,,,,
rgcv00341024_1,,rgcv0034,Los tenorios callejeros,"Marton, Martin",1919-09-05,"Entry describing ""tenorios"" as professionals who can enamorar anybody who comes through their path. There is a story of one who attempts to throw piropos to a lady but she explains that he is a coworker of her husband and will be informing him of how kind his piropos were. ",Courtship; Don Juan (legendary character); WIT & humor,"Laredo, Texas",27.5036,-99.5076,Evolucion,Text,image/jpeg,Spanish,Arte Público Press,,image,rgcv00341024_1.jpg,,,,,
rgcv00341024_2,,rgcv0034,Los tenorios callejeros,"Marton, Martin",1919-09-05,"Entry describing ""tenorios"" as professionals who can enamorar anybody who comes through their path. There is a story of one who attempts to throw piropos to a lady but she explains that he is a coworker of her husband and will be informing him of how kind his piropos were. ",Courtship; Don Juan (legendary character); WIT & humor,"Laredo, Texas",27.5036,-99.5076,Evolucion,Text,image/jpeg,Spanish,Arte Público Press,,image,rgcv00341024_2.jpg,,,,,
rgcv00351024_1,,rgcv0035,Digo yo como mujer,"D'erzell, Catalina",1930-11-28,"Don Juan Tenorio has died, long live Don Enrique Rambal. Catalina does a wonderful job of defining the specific characteristics of a modern tenorio. ",Avarice; Don Juan ( legendary character); Self- harm,"El Paso, Texas",31.7619,-106.485,El Defensor ,Text,image/jpeg,,Arte Público Press,,image,rgcv00351024_1.jpg,,,,,
rgcv00361024_1,,rgcv0036,Mujerío y donjuanismo,"Diaz - Cañabate, Antonio",1958-8-3,"Entry on what type of women a man should look for. States that it's much easier to court an ""ugly"" woman than a pretty one. ",Social Conditions of women; Dialogue; Don Juan ( Legendary character),"New York, New York",40.7128,-74.006,La semana de Nueva York,Text,image/jpeg,Spanish,Arte Público Press,,image,rgcv00361024_1.jpg,,,,,
rgcv00361024_2,,rgcv0036,Mujerío y donjuanismo,"Diaz - Cañabate, Antonio",1958-8-3,"Entry on what type of women a man should look for. States that it's much easier to court an ""ugly"" woman than a pretty one. ",Social Conditions of women; Dialogue; Don Juan ( Legendary character),"New York, New York",40.7128,-74.006,La semana de Nueva York,Text,image/jpeg,Spanish,Arte Público Press,,image,rgcv00361024_2.jpg,,,,,
rgcv00371024_1,,rgcv0037,El miedo de Don Juan,"Miro, Ricardo",1923-11-1,"Quotes Don Juan saying to never give your sword for a woman because when you really pay attention to who they are, you see that women are full of addiction and falsehood. ",El Miedo de Don Juan (Poem),"New York, New York",40.7128,-74.006,Feminismo Internacional,Text,image/jpeg,Spanish,Arte Público Press,,image,rgcv00371024_1.jpg,,,,,
rgcv00381024_1,,rgcv0038,Somos muy machos,"Jubilo (Pseud.), Castillo, Guillermo",1938-1-31,"Articulo detallando que, en Mexico, ambos hombres y mujeres son capazes de ser machistas. El autor describe la historia de una mujer que mando a matar a su esposo y a la amante de este tambien. Y describe mas de como los Mexicanos son tan vulnerables al machismo y que en Mexico es uno de los paises en donde menos valor tiene la vida humana. ",Death; Mexicans,"El Paso, Texas",31.7619,-106.485,El Continental ,Text,image/jpeg,Spanish,Arte Público Press,,image,rgcv00381024_1.jpg,,,,,
rgcv00391024_1,,rgcv0039,La moda de las mujeres y sus efectos en los hombres,"Soria, J. A. ",1928-6-3,"Entry stating that women are responsible for men's suffering and it's their fashion, the reason that, "" Se les van los ojos tras de las pantorrilas que hoy exhiben las hembras.""  ""Tal es el iman de esa exhibicion espontanea de las mujeres, que ya los hombres y sobre todo los viejos verdes, sienten verdaderos ardores en ya apachurrado corazon""",Fashion; man-woman relationships,"San Antonio, Texas",29.4241,-98.4936,El Heraldo Mexicano: Seminario Popular Independiente,Text,image/jpeg,Spanish,Arte Público Press,,image,rgcv00391024_1.jpg,,,,,
rgcv00401024_1,,rgcv0040,Vigor - Fuerza - Poder hombres y mujeres,[Unknown],1928-5-15,"Un anuncio para la ""medicina poderosa"" VIGOREX. ""Esta maravillosa nueva formula la cual rinde tan sorprendentes resultados es preparada en forma facil de tomar. "" El articulo explica como uno manda a ordenar este ""manantial de la juventud.""",hombres y mujeres,"Houston, Texas",29.7604,-95.3698,La Gaceta Mexicana: Revista Quincenal,Text,image/jpeg,Spanish,Arte Público Press,,image,rgcv00401024_1.jpg,,,,,
rgcv00411024_1,,rgcv0041,Untitled,[Unknown],1898-9-25,Articulo questionando porque a Napoleon le llaman grande cuando el causo victimas para sacar su ambicion de dominio? Es grandeza el lanzar unos hombres contra otros para que mutuamente se destruyan? ,Great men & women; criminals; Napoleon,,,,El Rebelde,Text,image/jpeg,Spanish,Arte Público Press,,image,rgcv00411024_1.jpg,,,,,
rgcv00421024_1,,rgcv0042,Adoración,"de los Santos, J. N.",1920-1927,"Adoración a EL. Rev 1:6. Dominio Regio, Dominio Imperial, Dominio sobre todo, Dominio donde quiera... ",Bible & literature; Dominion theology; God,,,,J.N. de los Santos Collection: Mis Mensajes,Text,image/jpeg,Spanish,Arte Público Press,,image,rgcv00421024_1.jpg,,,,,
rgcv00431024_1,,rgcv0043,Dominicales: El amo cruel,"Muzquiz Blanco, Manuel",1917-6-10,Essay describing a time when men killed and were violent to women because of their passionate rage. Explains reasoning behind the behavior and that women also started killing men as revenge. The essay concludes stating that a current victim is in the hospital after having been beaten. ,Crimes against women; marital violence; sex discrimination against women; women's rights,"San Antonio, Texas",29.4241,-98.4936,La Prensa,Text,image/jpeg,Spanish,Arte Público Press,,image,rgcv00431024_1.jpg,,,,,
rgcv00431024_2,,rgcv0043,Dominicales: El amo cruel,"Muzquiz Blanco, Manuel",1917-6-10,Essay describing a time when men killed and were violent to women because of their passionate rage. Explains reasoning behind the behavior and that women also started killing men as revenge. The essay concludes stating that a current victim is in the hospital after having been beaten. ,Crimes against women; marital violence; sex discrimination against women; women's rights,"San Antonio, Texas",29.4241,-98.4936,La Prensa,Text,image/jpeg,Spanish,Arte Público Press,,image,rgcv00431024_2.jpg,,,,,
rgcv00441024_1,,rgcv0044,Mi marido,[Unknown],1920-8-9,"Essay describing the effects of jealousy in a relationship. Jealousy will keep happiness from remaining in a relationship. Mentions a female that married and was able to ""desarmar y neutralizar esa fiebre injuriosa"" by kisses and afectionate touch. Goes on to mention a story of a man who acts out of jealousy and abandons his partner causing her pain. ",Jealousy; man-woman relationships; marital violence,"San Antonio, Texas",29.4241,-98.4936,La Prensa,Text,image/jpeg,Spanish,Arte Público Press,,image,rgcv00441024_1.jpg,,,,,
rgcv00441024_2,,rgcv0044,Mi marido,[Unknown],1920-8-9,"Essay describing the effects of jealousy in a relationship. Jealousy will keep happiness from remaining in a relationship. Mentions a female that married and was able to ""desarmar y neutralizar esa fiebre injuriosa"" by kisses and afectionate touch. Goes on to mention a story of a man who acts out of jealousy and abandons his partner causing her pain. ",Jealousy; man-woman relationships; marital violence,"San Antonio, Texas",29.4241,-98.4936,La Prensa,Text,image/jpeg,Spanish,Arte Público Press,,image,rgcv00441024_2.jpg,,,,,
rgcv00451024_1,,rgcv0045,La mujer,"Esteve, Maria R. ",1926-5-1,"Article describing how women have been viewed by society. They are the ones to blame for everything and they turn into whatever the male wants. The article does state that what men want is an equal partner and encourages women. However, the article does remind the reader that women continue to be victimized in a variety of ways. ",Women; Victims; Guilt,"New York, New York",40.7128,-74.006,Cultura Obrera,Text,image/jpeg,Spanish,Arte Público Press,,image,rgcv00451024_1.jpg,,,,,
rgcv00461024_1,,rgcv0046,Proverbios chinos acerca de la mujer,Pino y Madrid,1910-8-5,"Newspaper maxim on the type of women that should be respected and honored. "" Los Dioses honran a la mujer que piensa para hablar."" ",Women's conduct of life,"Las Cruces, New Mexico",32.3199,-106.7637,El Labrador,Text,image/jpeg,Spanish,Arte Público Press,,image,rgcv00461024_1.jpg,,,,,
rgcv00471024_1,,rgcv0047,Eso ya lo sabía yo,[Unknown],1926-11-18,"Short story about a woman that has to keep asking her neighbor for recipes that her husband wishes for her to prepare. After asking her neighbor for the recipes she would say, "" I already know that"" "" Eso ya lo sabia yo."" Her neighbor decides to trick her and tells her to put shoes in her habas enzapatadas. The story then explains how one should avoid being as absentminded as this female and should read the news, books, etc to learn from masters and to know how to act. ",Christian Education; CONDUCT of life; ETHICS,"El Paso, Texas",31.7619,-106.485,El Atalaya Bautista,Text,image/jpeg,Spanish,Arte Público Press,,image,rgcv00471024_1.jpg,,,,,
rgcv00481024_1,,rgcv0048,La mujer en acción,[Unknown],1921-10-1,"Article detailing a conference given by Harriet Chalmers Adams, ""La Mujer de Ibero-America."" Goes on to dialogue about women's place stating that it's still, ""en el hogar."" It's also described how women in various parts of latin america are empowered or observed and what roles they are still expected to serve. "" Con verdadera ligereza se afirma que el triunfo del femenismo destruira el fundamento moral de la familia y de la sociedad""  ",CHRISTIAN feminism; ETHICS; Women's rights; PROTESTANT Women,"New York, New York",40.7128,-74.006,La Nueva Democracia,Text,image/jpeg,Spanish,Arte Público Press,,image,rgcv00481024_1.jpg,,,,,
rgcv00491024_1,,rgcv0049,¿Qué puede hacer la mujer cristiana para remediar el mal?,[Unknown],1954-3-1,"Essay describing what a good Cristian woman does in the face of evil, "" get her own judgement out of the way so the will of God can reign."" ",CHRISTIAN Life; CHRISTIAN stewardship; RELIGIOUS life of women; WOMEN & religion,"San Antonio, Texas",29.4241,-98.4936,El Bautista Mexicano,Text,image/jpeg,Spanish,Arte Público Press,,image,rgcv00491024_1.jpg,,,,,
rgcv00501024_1,,rgcv0050,La misión de la mujer cristiana,[Unknown],1918-9-1,"Essay documenting a women's place in a man's life and moreover in the church. ""En el orden de la Creacion, Adan fue formado antes que Eva; es, pues, cabeza de la mujer."" ""Cuando entre los corintios se emanciparon las cristianas de todas las conveniencias sociales en nombre de la libertad y de la igualdad, tuvo el apostol que recordarles la decencia natural, el velo como simbolo de la subordinacion de la mujer al varon."" ",DIDACTIC literature; SOCIAL conditions of women; WOMEN in the Bible,"El Paso, Texas",31.7619,-106.485,El Atalaya Bautista,Text,image/jpeg,Spanish,Arte Público Press,,image,rgcv00501024_1.jpg,,,,,
rgcv00501024_2,,rgcv0050,La misión de la mujer cristiana,[Unknown],1918-9-1,"Essay documenting a women's place in a man's life and moreover in the church. ""En el orden de la Creacion, Adan fue formado antes que Eva; es, pues, cabeza de la mujer."" ""Cuando entre los corintios se emanciparon las cristianas de todas las conveniencias sociales en nombre de la libertad y de la igualdad, tuvo el apostol que recordarles la decencia natural, el velo como simbolo de la subordinacion de la mujer al varon."" ",DIDACTIC literature; SOCIAL conditions of women; WOMEN in the Bible,"El Paso, Texas",31.7619,-106.485,El Atalaya Bautista,Text,image/jpeg,Spanish,Arte Público Press,,image,rgcv00501024_2.jpg,,,,,
rgcv00501024_3,,rgcv0050,La misión de la mujer cristiana,[Unknown],1918-9-1,"Essay documenting a women's place in a man's life and moreover in the church. ""En el orden de la Creacion, Adan fue formado antes que Eva; es, pues, cabeza de la mujer."" ""Cuando entre los corintios se emanciparon las cristianas de todas las conveniencias sociales en nombre de la libertad y de la igualdad, tuvo el apostol que recordarles la decencia natural, el velo como simbolo de la subordinacion de la mujer al varon."" ",DIDACTIC literature; SOCIAL conditions of women; WOMEN in the Bible,"El Paso, Texas",31.7619,-106.485,El Atalaya Bautista,Text,image/jpeg,Spanish,Arte Público Press,,image,rgcv00501024_3.jpg,,,,,
rgcv00511024_1,,rgcv0051,La mujer cristiana,"Martinez, Esperanza",1946-1-1,"Essay explaining what the role of the woman is in the home, in accordance with Christianity. It also states and reminds that women were saved through Jesus. Before Jesus women were "" como una cosa y no como un ser racional, capaz de pensar y sentir y por lo tanto. indigna de tomar parte en las cuestiones que tendian al mejoramiento de la humanidad en sus diversas fases.""",Christianity; Evangelists; Religion in literarure; Women & religion,"San Antonio, Texas",29.4241,-98.4936,El Bautista Mexicano,Text,image/jpeg,Spanish,Arte Público Press,,image,rgcv00511024_1.jpg,,,,,
rgcv00511024_2,,rgcv0051,La mujer cristiana,"Martinez, Esperanza",1946-1-1,"Essay explaining what the role of the woman is in the home, in accordance with Christianity. It also states and reminds that women were saved through Jesus. Before Jesus women were "" como una cosa y no como un ser racional, capaz de pensar y sentir y por lo tanto. indigna de tomar parte en las cuestiones que tendian al mejoramiento de la humanidad en sus diversas fases.""",Christianity; Evangelists; Religion in literarure; Women & religion,"San Antonio, Texas",29.4241,-98.4936,El Bautista Mexicano,Text,image/jpeg,Spanish,Arte Público Press,,image,rgcv00511024_2.jpg,,,,,
rgcv00521024_1,,rgcv0052,Abecedario bíblico de la mujer cristiana,"de Vila, Lidia V.",1951-10-1,"Article outlining the alphabet of the Cristian Woman. As it is naming these attributes, it also lists Bible verses that tell the story of a female in the Bible that is an example of said attribute.",Christian women; Bible -- Reading,"El Paso, Texas",31.7619,-106.485,El Promotor de la Educación Cristiana,Text,image/jpeg,Spanish,Arte Público Press,,image,rgcv00521024_1.jpg,,,,,
rgcv00531024_1,,rgcv0053,Los dejenerados,Sergi,1894-8-30,"Article detailing all the ""serviles."" It describes the serviles being submissive to governements. business men, etc in order to get ahead and be like by these. Explains that they are found at all levels of society.  ",Subordination; SOCIAL criticism,"New York, New York",40.7128,-74.006,El Despertar,Text,image/jpeg,Spanish,Arte Público Press,,image,rgcv00531024_1.jpg,,,,,
rgcv00551024_1,,rgcv0055,La mujer,"Salazar, L.H. ; Montoya, N.",1889-06-01,Article stating the history of women in literature and the various characters she's played. Although the article describes women as a comparison to men it does state that women and men can't live without the other. ,Sexism; Women in Literature; Social conditions of women; WOMEN & literature; LITERATURE & society,"Santa Fe, New Mexico",35.687,-105.9378,La Voz del Pueblo,Text,image/jpeg,Spanish,Arte Público Press,,image,rgcv00551024_1.jpg,,,,,
rgcv00551024_2,,rgcv0055,La mujer,"Salazar, L.H. ; Montoya, N.",1889-06-01,Article stating the history of women in literature and the various characters she's played. Although the article describes women as a comparison to men it does state that women and men can't live without the other. ,Sexism; Women in Literature; Social conditions of women; WOMEN & literature; LITERATURE & society,"Santa Fe, New Mexico",35.687,-105.9378,La Voz del Pueblo,Text,image/jpeg,Spanish,Arte Público Press,,image,rgcv00551024_2.jpg,,,,,
rgcv00551024_3,,rgcv0055,La mujer,"Salazar, L.H. ; Montoya, N.",1889-06-01,Article stating the history of women in literature and the various characters she's played. Although the article describes women as a comparison to men it does state that women and men can't live without the other. ,Sexism; Women in Literature; Social conditions of women; WOMEN & literature; LITERATURE & society,"Santa Fe, New Mexico",35.687,-105.9378,La Voz del Pueblo,Text,image/jpeg,Spanish,Arte Público Press,,image,rgcv00551024_3.jpg,,,,,
rgcv00551024_4,,rgcv0055,La mujer,"Salazar, L.H. ; Montoya, N.",1889-06-01,Article stating the history of women in literature and the various characters she's played. Although the article describes women as a comparison to men it does state that women and men can't live without the other. ,Sexism; Women in Literature; Social conditions of women; WOMEN & literature; LITERATURE & society,"Santa Fe, New Mexico",35.687,-105.9378,La Voz del Pueblo,Text,image/jpeg,Spanish,Arte Público Press,,image,rgcv00551024_4.jpg,,,,,
rgcv00551024_5,,rgcv0055,La mujer,"Salazar, L.H. ; Montoya, N.",1889-06-01,Article stating the history of women in literature and the various characters she's played. Although the article describes women as a comparison to men it does state that women and men can't live without the other. ,Sexism; Women in Literature; Social conditions of women; WOMEN & literature; LITERATURE & society,"Santa Fe, New Mexico",35.687,-105.9378,La Voz del Pueblo,Text,image/jpeg,Spanish,Arte Público Press,,image,rgcv00551024_5.jpg,,,,,
rgcv00561024_1,,rgcv0056,La cultura intelectual de la mujer,"Waldo, Pedro",1918-02-01,"Essay describing the effects of women who smoke, dance, and are blasphemous in society. The writer urges Christian woman to contribute to the ""regeneration"" of all the women in the world to avoid the loss of morality. ",Didactic literature; women; women & religion; women's education; gender role,"El Paso, Texas",31.7619,-106.485,El Atalaya Bautista,Text,image/jpeg,Spanish,Arte Público Press,,image,rgcv00561024_1.jpg,,,,,
rgcv00571024_1,,rgcv0057,La Mujer Americana,"Pando Baura, Jose Luis",1920-9-26,"Essay detailing the differences between American women and American women from the south. Essay details that American women from the South draw from Spanish values of home and center around this. American women are more apt to fall into the role of. ""feminists."" ",Feminism,"San Antonio, Texas",29.4241,-98.4936,La Prensa,Text,image/jpeg,Spanish,Arte Público Press,,image,rgcv00571024_1.jpg,,,,,
rgcv00571024_2,,rgcv0057,La Mujer Americana,"Pando Baura, Jose Luis",1920-9-26,"Essay detailing the differences between American women and American women from the south. Essay details that American women from the South draw from Spanish values of home and center around this. American women are more apt to fall into the role of. ""feminists."" ",Feminism,"San Antonio, Texas",29.4241,-98.4936,La Prensa,Text,image/jpeg,Spanish,Arte Público Press,,image,rgcv00571024_2.jpg,,,,,
rgcv00571024_3,,rgcv0057,La Mujer Americana,"Pando Baura, Jose Luis",1920-9-26,"Essay detailing the differences between American women and American women from the south. Essay details that American women from the South draw from Spanish values of home and center around this. American women are more apt to fall into the role of. ""feminists."" ",Feminism,"San Antonio, Texas",29.4241,-98.4936,La Prensa,Text,image/jpeg,Spanish,Arte Público Press,,image,rgcv00571024_3.jpg,,,,,
rgcv00581024_1,,rgcv0058,La mujer,"Vigil, Jose M",1856-5-5,""" Humorous Literature"" joking about a suicide by hanging. One man says to the other that he would like a piece of the tree the other's wife hung by to hopefully instill the same idea in his partner. ",Man-woman relationships; women,"San Francisco, California",37.7749,-122.4194,El nuevo mundo,Text,image/jpeg,Spanish,Arte Público Press,,image,rgcv00581024_1.jpg,,,,,
rgcv00591024_1,,rgcv0059,[Lady Jekyll pregunto al insigne Dr. Whiston por que Dios hizo la mujer],"Vigil, Jose M",1864-8-24,"Por que Dios hizo a la mujer de una costilla del hombre, y el le contesto muy serio: "" Porque fue la parte mas jorobada que encontro en su cuerpo."" ",Man-woman relationships,"San Francisco, California",37.7749,-122.4194,El Nuevo Mundo,Text,image/jpeg,Spanish,Arte Público Press,,image,rgcv00591024_1.jpg,,,,,
rgcv00601024_1,,rgcv0060,"[- Mujer, decia un comerciante a la suya tu que yo siempre... ] In: Variedades",[Unknown],1864-8-24,"Short entry on the ""price tag"" a woman has when entering a marriage.",Marriage; Savings,"San Francisco, California",37.7749,-122.4194,El Nuevo Mundo,Text,image/jpeg,Spanish,Arte Público Press,,image,rgcv00601024_1.jpg,,,,,